n,sigma_r,sigma_t,p,q,rep_no,dq_mean_rerr,dq_min_rerr,dq_max_rerr,dq_mean_terr,dq_min_terr,dq_max_terr,mat_mean_rerr,mat_min_rerr,mat_max_rerr,mat_mean_terr,mat_min_terr,mat_max_terr,gpm_mat_mean_rerr,gpm_mat_min_rerr,gpm_mat_max_rerr,gpm_mat_mean_terr,gpm_mat_min_terr,gpm_mat_max_terr
100,0,0,0.2,0.5,0,1.3368330952899135,0.17071045911054525,4.7150922917907225,0.8151156076864534,0.20616901927773615,2.7134527683134912,3.4740132836974798e-09,0.0,8.429369702178807e-08,1.0564456205182866e-13,4.781053997179202e-15,9.378391760971355e-12,2.9802322387695314e-09,0.0,5.960464477539063e-08,1.5460129174222084,0.15583457867403067,3.4635097940549686
100,0,0,0.2,0.5,1,1.3368330952899135,0.17071045911054525,4.7150922917907225,0.8151156076864534,0.20616901927773615,2.7134527683134912,1.7881393432617187e-09,0.0,5.960464477539063e-08,7.478841313177507e-14,4.002966042486721e-16,3.787386162937477e-12,2.9802322387695314e-09,0.0,5.960464477539063e-08,1.5460129174222084,0.15583457867403067,3.4635097940549686
100,0,0,0.2,0.5,2,1.3368330952899135,0.17071045911054525,4.7150922917907225,0.8151156076864534,0.20616901927773615,2.7134527683134912,1.7881393432617187e-09,0.0,5.960464477539063e-08,5.22005964961497e-14,3.920720672576634e-15,3.152859594714511e-12,2.9802322387695314e-09,0.0,5.960464477539063e-08,1.5460129174222084,0.15583457867403067,3.4635097940549686
100,0,0,0.2,0.5,3,1.3368330952899135,0.17071045911054525,4.7150922917907225,0.8151156076864534,0.20616901927773615,2.7134527683134912,3.5762786865234374e-09,0.0,5.960464477539063e-08,2.446813915507334e-13,1.7487532519980704e-14,2.1400502476969328e-11,2.9802322387695314e-09,0.0,5.960464477539063e-08,1.5460129174222084,0.15583457867403067,3.4635097940549686
100,0,0,0.2,0.5,4,1.3368330952899135,0.17071045911054525,4.7150922917907225,0.8151156076864534,0.20616901927773615,2.7134527683134912,5.858199074713105e-09,0.0,8.429369702178807e-08,4.955048937279586e-12,1.232474164077288e-12,3.2679669049923244e-10,2.9802322387695314e-09,0.0,5.960464477539063e-08,1.5460129174222084,0.15583457867403067,3.4635097940549686
100,0,0,0.2,0.5,5,1.3368330952899135,0.17071045911054525,4.7150922917907225,0.8151156076864534,0.20616901927773615,2.7134527683134912,3.5762786865234374e-09,0.0,5.960464477539063e-08,1.0542192902322882e-13,7.354337211075899e-15,7.68503371641845e-12,2.9802322387695314e-09,0.0,5.960464477539063e-08,1.5460129174222084,0.15583457867403067,3.4635097940549686
100,0,0,0.2,0.5,6,1.3368330952899135,0.17071045911054525,4.7150922917907225,0.8151156076864534,0.20616901927773615,2.7134527683134912,4.172325134277344e-09,0.0,5.960464477539063e-08,4.672582078316682e-14,8.308148362110449e-16,1.3842275630712636e-12,2.9802322387695314e-09,0.0,5.960464477539063e-08,1.5460129174222084,0.15583457867403067,3.4635097940549686
100,0,0,0.2,0.5,7,1.3368330952899135,0.17071045911054525,4.7150922917907225,0.8151156076864534,0.20616901927773615,2.7134527683134912,4.419215656741318e-09,0.0,8.429369702178807e-08,4.878104451709711e-14,1.2609709600486848e-15,1.649882803738401e-12,2.9802322387695314e-09,0.0,5.960464477539063e-08,1.5460129174222084,0.15583457867403067,3.4635097940549686
100,0,0,0.2,0.5,8,1.3368330952899135,0.17071045911054525,4.7150922917907225,0.8151156076864534,0.20616901927773615,2.7134527683134912,2.384185791015625e-09,0.0,5.960464477539063e-08,2.885507653845151e-14,4.272916553455145e-16,1.12203214828297e-12,2.9802322387695314e-09,0.0,5.960464477539063e-08,1.5460129174222084,0.15583457867403067,3.4635097940549686
100,0,0,0.2,0.5,9,1.3368330952899135,0.17071045911054525,4.7150922917907225,0.8151156076864534,0.20616901927773615,2.7134527683134912,3.2271227612335056e-09,0.0,8.429369702178807e-08,6.323308196419492e-14,2.6035676795550248e-14,1.819406053686185e-12,2.9802322387695314e-09,0.0,5.960464477539063e-08,1.5460129174222084,0.15583457867403067,3.4635097940549686
100,0,0,0.2,0.5,10,1.3368330952899135,0.17071045911054525,4.7150922917907225,0.8151156076864534,0.20616901927773615,2.7134527683134912,5.364418029785156e-09,0.0,5.960464477539063e-08,3.331858986100058e-14,4.710277376051325e-16,1.218267327945005e-12,2.9802322387695314e-09,0.0,5.960464477539063e-08,1.5460129174222084,0.15583457867403067,3.4635097940549686
100,0,0,0.2,0.5,11,1.3368330952899135,0.17071045911054525,4.7150922917907225,0.8151156076864534,0.20616901927773615,2.7134527683134912,2.384185791015625e-09,0.0,5.960464477539063e-08,1.2031316773092752e-11,2.7204710828023757e-12,9.183923913009782e-10,2.9802322387695314e-09,0.0,5.960464477539063e-08,1.5460129174222084,0.15583457867403067,3.4635097940549686
100,0,0,0.2,0.5,12,1.3368330952899135,0.17071045911054525,4.7150922917907225,0.8151156076864534,0.20616901927773615,2.7134527683134912,2.9802322387695314e-09,0.0,5.960464477539063e-08,2.273528232052596e-15,1.3877787807814457e-16,5.792888521747915e-14,2.9802322387695314e-09,0.0,5.960464477539063e-08,1.5460129174222084,0.15583457867403067,3.4635097940549686
100,0,0,0.2,0.5,13,1.3368330952899135,0.17071045911054525,4.7150922917907225,0.8151156076864534,0.20616901927773615,2.7134527683134912,4.419215656741318e-09,0.0,8.429369702178807e-08,5.330793177764921e-12,1.2420003260055523e-12,3.92852161512383e-10,2.9802322387695314e-09,0.0,5.960464477539063e-08,1.5460129174222084,0.15583457867403067,3.4635097940549686
100,0,0,0.2,0.5,14,1.3368330952899135,0.17071045911054525,4.7150922917907225,0.8151156076864534,0.20616901927773615,2.7134527683134912,3.5762786865234374e-09,0.0,5.960464477539063e-08,1.935776816771114e-14,9.104505742017336e-16,3.965324233204245e-13,2.9802322387695314e-09,0.0,5.960464477539063e-08,1.5460129174222084,0.15583457867403067,3.4635097940549686
100,0,0,0.2,0.5,15,1.3368330952899135,0.17071045911054525,4.7150922917907225,0.8151156076864534,0.20616901927773615,2.7134527683134912,4.172325134277344e-09,0.0,5.960464477539063e-08,1.2359590191655021e-12,4.6541656224025694e-14,8.733688196617016e-11,2.9802322387695314e-09,0.0,5.960464477539063e-08,1.5460129174222084,0.15583457867403067,3.4635097940549686
100,0,0,0.2,0.5,16,1.3368330952899135,0.17071045911054525,4.7150922917907225,0.8151156076864534,0.20616901927773615,2.7134527683134912,4.419215656741318e-09,0.0,8.429369702178807e-08,3.398961772345861e-14,4.218847493575595e-15,2.1978353778147426e-12,2.9802322387695314e-09,0.0,5.960464477539063e-08,1.5460129174222084,0.15583457867403067,3.4635097940549686
100,0,0,0.2,0.5,17,1.3368330952899135,0.17071045911054525,4.7150922917907225,0.8151156076864534,0.20616901927773615,2.7134527683134912,3.5762786865234374e-09,0.0,5.960464477539063e-08,9.013538955196059e-15,8.134798884369879e-16,1.9029174871333736e-13,2.9802322387695314e-09,0.0,5.960464477539063e-08,1.5460129174222084,0.15583457867403067,3.4635097940549686
100,0,0,0.2,0.5,18,1.3368330952899135,0.17071045911054525,4.7150922917907225,0.8151156076864534,0.20616901927773615,2.7134527683134912,2.384185791015625e-09,0.0,5.960464477539063e-08,1.2834054346188712e-13,7.798477121328393e-15,4.924191308919125e-12,2.9802322387695314e-09,0.0,5.960464477539063e-08,1.5460129174222084,0.15583457867403067,3.4635097940549686
100,0,0,0.2,0.5,19,1.3368330952899135,0.17071045911054525,4.7150922917907225,0.8151156076864534,0.20616901927773615,2.7134527683134912,1.1920928955078125e-09,0.0,5.960464477539063e-08,2.0467203748274288e-14,3.881416545151359e-15,1.0455666668055684e-12,2.9802322387695314e-09,0.0,5.960464477539063e-08,1.5460129174222084,0.15583457867403067,3.4635097940549686
100,0,0,0.2,0.55,0,1.1348467205165538,0.0812871208190375,3.4604308595042808,0.7393669382011929,0.1478320068077608,2.132384722239787,5.858199074713105e-09,0.0,8.429369702178807e-08,2.344402577690864e-14,3.0485681130056856e-15,8.150646684060653e-13,2.9802322387695314e-09,0.0,5.960464477539063e-08,1.5460129174222084,0.15583457867403067,3.4635097940549686
100,0,0,0.2,0.55,1,1.1348467205165538,0.0812871208190375,3.4604308595042808,0.7393669382011929,0.1478320068077608,2.132384722239787,5.015262104495225e-09,0.0,8.429369702178807e-08,4.95319577240918e-13,8.065311806766732e-14,3.7479373818868394e-11,2.9802322387695314e-09,0.0,5.960464477539063e-08,1.5460129174222084,0.15583457867403067,3.4635097940549686
100,0,0,0.2,0.55,2,1.1348467205165538,0.0812871208190375,3.4604308595042808,0.7393669382011929,0.1478320068077608,2.132384722239787,1.1920928955078125e-09,0.0,5.960464477539063e-08,8.876392711433184e-13,1.0556516383246889e-13,6.663255317994912e-11,2.9802322387695314e-09,0.0,5.960464477539063e-08,1.5460129174222084,0.15583457867403067,3.4635097940549686
100,0,0,0.2,0.55,3,1.1348467205165538,0.0812871208190375,3.4604308595042808,0.7393669382011929,0.1478320068077608,2.132384722239787,4.76837158203125e-09,0.0,5.960464477539063e-08,1.419886749079275e-14,4.68600926737512e-15,6.005407851508085e-13,2.9802322387695314e-09,0.0,5.960464477539063e-08,1.5460129174222084,0.15583457867403067,3.4635097940549686
100,0,0,0.2,0.55,4,1.1348467205165538,0.0812871208190375,3.4604308595042808,0.7393669382011929,0.1478320068077608,2.132384722239787,5.364418029785156e-09,0.0,5.960464477539063e-08,7.853555052524454e-14,9.185544104277495e-15,3.5438209388730635e-12,2.9802322387695314e-09,0.0,5.960464477539063e-08,1.5460129174222084,0.15583457867403067,3.4635097940549686
100,0,0,0.2,0.55,5,1.1348467205165538,0.0812871208190375,3.4604308595042808,0.7393669382011929,0.1478320068077608,2.132384722239787,3.2271227612335056e-09,0.0,8.429369702178807e-08,1.4525145580483215e-13,6.621978372702451e-14,6.506094053456657e-12,2.9802322387695314e-09,0.0,5.960464477539063e-08,1.5460129174222084,0.15583457867403067,3.4635097940549686
100,0,0,0.2,0.55,6,1.1348467205165538,0.0812871208190375,3.4604308595042808,0.7393669382011929,0.1478320068077608,2.132384722239787,4.76837158203125e-09,0.0,5.960464477539063e-08,1.0056993161379997e-14,2.2887833992611187e-16,3.711070216490506e-13,2.9802322387695314e-09,0.0,5.960464477539063e-08,1.5460129174222084,0.15583457867403067,3.4635097940549686
100,0,0,0.2,0.55,7,1.1348467205165538,0.0812871208190375,3.4604308595042808,0.7393669382011929,0.1478320068077608,2.132384722239787,5.364418029785156e-09,0.0,5.960464477539063e-08,3.344918717183038e-14,2.4424906541753444e-15,9.677085243605454e-13,2.9802322387695314e-09,0.0,5.960464477539063e-08,1.5460129174222084,0.15583457867403067,3.4635097940549686
100,0,0,0.2,0.55,8,1.1348467205165538,0.0812871208190375,3.4604308595042808,0.7393669382011929,0.1478320068077608,2.132384722239787,1.7881393432617187e-09,0.0,5.960464477539063e-08,6.476914978004939e-14,8.131199457573037e-15,5.177308425028666e-12,2.9802322387695314e-09,0.0,5.960464477539063e-08,1.5460129174222084,0.15583457867403067,3.4635097940549686
100,0,0,0.2,0.55,9,1.1348467205165538,0.0812871208190375,3.4604308595042808,0.7393669382011929,0.1478320068077608,2.132384722239787,4.76837158203125e-09,0.0,5.960464477539063e-08,1.555138821406167e-13,9.305364597889227e-16,6.405114771347061e-12,2.9802322387695314e-09,0.0,5.960464477539063e-08,1.5460129174222084,0.15583457867403067,3.4635097940549686
100,0,0,0.2,0.55,10,1.1348467205165538,0.0812871208190375,3.4604308595042808,0.7393669382011929,0.1478320068077608,2.132384722239787,3.4740132836974798e-09,0.0,8.429369702178807e-08,2.9407082701199734e-13,1.9173458420030423e-15,1.6726070131214717e-11,2.9802322387695314e-09,0.0,5.960464477539063e-08,1.5460129174222084,0.15583457867403067,3.4635097940549686
100,0,0,0.2,0.55,11,1.1348467205165538,0.0812871208190375,3.4604308595042808,0.7393669382011929,0.1478320068077608,2.132384722239787,3.8231692089874115e-09,0.0,8.429369702178807e-08,4.279403580392151e-12,1.3941944781279991e-12,2.4178248791646805e-10,2.9802322387695314e-09,0.0,5.960464477539063e-08,1.5460129174222084,0.15583457867403067,3.4635097940549686
100,0,0,0.2,0.55,12,1.1348467205165538,0.0812871208190375,3.4604308595042808,0.7393669382011929,0.1478320068077608,2.132384722239787,2.877966835943574e-09,0.0,8.429369702178807e-08,1.5532522448995224e-14,2.7035697373913694e-15,7.155621600423852e-13,2.9802322387695314e-09,0.0,5.960464477539063e-08,1.5460129174222084,0.15583457867403067,3.4635097940549686
100,0,0,0.2,0.55,13,1.1348467205165538,0.0812871208190375,3.4604308595042808,0.7393669382011929,0.1478320068077608,2.132384722239787,3.5762786865234374e-09,0.0,5.960464477539063e-08,8.480064335886504e-13,4.441849562643889e-14,6.926067199363411e-11,2.9802322387695314e-09,0.0,5.960464477539063e-08,1.5460129174222084,0.15583457867403067,3.4635097940549686
100,0,0,0.2,0.55,14,1.1348467205165538,0.0812871208190375,3.4604308595042808,0.7393669382011929,0.1478320068077608,2.132384722239787,4.419215656741318e-09,0.0,8.429369702178807e-08,5.4628721900020217e-14,2.482534153247273e-16,1.9067505426158363e-12,2.9802322387695314e-09,0.0,5.960464477539063e-08,1.5460129174222084,0.15583457867403067,3.4635097940549686
100,0,0,0.2,0.55,15,1.1348467205165538,0.0812871208190375,3.4604308595042808,0.7393669382011929,0.1478320068077608,2.132384722239787,3.2271227612335056e-09,0.0,8.429369702178807e-08,1.0050942924857397e-13,2.2322110008058505e-15,8.913402539052804e-12,2.9802322387695314e-09,0.0,5.960464477539063e-08,1.5460129174222084,0.15583457867403067,3.4635097940549686
100,0,0,0.2,0.55,16,1.1348467205165538,0.0812871208190375,3.4604308595042808,0.7393669382011929,0.1478320068077608,2.132384722239787,4.76837158203125e-09,0.0,5.960464477539063e-08,4.648842851729409e-14,1.2959208739370123e-15,1.9080401243899887e-12,2.9802322387695314e-09,0.0,5.960464477539063e-08,1.5460129174222084,0.15583457867403067,3.4635097940549686
100,0,0,0.2,0.55,17,1.1348467205165538,0.0812871208190375,3.4604308595042808,0.7393669382011929,0.1478320068077608,2.132384722239787,2.9802322387695314e-09,0.0,5.960464477539063e-08,1.3986132751439687e-12,4.370593880351626e-13,9.456402878330706e-11,2.9802322387695314e-09,0.0,5.960464477539063e-08,1.5460129174222084,0.15583457867403067,3.4635097940549686
100,0,0,0.2,0.55,18,1.1348467205165538,0.0812871208190375,3.4604308595042808,0.7393669382011929,0.1478320068077608,2.132384722239787,2.9802322387695314e-09,0.0,5.960464477539063e-08,3.533922115825949e-14,6.496113018236845e-15,1.679206243281473e-12,2.9802322387695314e-09,0.0,5.960464477539063e-08,1.5460129174222084,0.15583457867403067,3.4635097940549686
100,0,0,0.2,0.55,19,1.1348467205165538,0.0812871208190375,3.4604308595042808,0.7393669382011929,0.1478320068077608,2.132384722239787,4.070059731451386e-09,0.0,8.429369702178807e-08,2.6228438935618243e-14,9.305364597889227e-16,8.639631319535619e-13,2.9802322387695314e-09,0.0,5.960464477539063e-08,1.5460129174222084,0.15583457867403067,3.4635097940549686
100,0,0,0.2,0.6,0,1.0024472800026691,0.04194292655169879,2.703583433254047,0.6426776564691999,0.12727394205744788,1.59692629403922,4.76837158203125e-09,0.0,5.960464477539063e-08,1.8547906382830984e-13,1.6751978776867514e-14,1.6084959084353944e-11,2.9802322387695314e-09,0.0,5.960464477539063e-08,1.5460129174222084,0.15583457867403067,3.4635097940549686
100,0,0,0.2,0.6,1,1.0024472800026691,0.04194292655169879,2.703583433254047,0.6426776564691999,0.12727394205744788,1.59692629403922,3.5762786865234374e-09,0.0,5.960464477539063e-08,1.1632460264915484e-10,3.4003998962350196e-11,8.242779005317255e-09,2.9802322387695314e-09,0.0,5.960464477539063e-08,1.5460129174222084,0.15583457867403067,3.4635097940549686
100,0,0,0.2,0.6,2,1.0024472800026691,0.04194292655169879,2.703583433254047,0.6426776564691999,0.12727394205744788,1.59692629403922,5.960464477539063e-10,0.0,5.960464477539063e-08,1.4736145825937794e-13,1.060669798492508e-14,4.2254294293201125e-12,2.9802322387695314e-09,0.0,5.960464477539063e-08,1.5460129174222084,0.15583457867403067,3.4635097940549686
100,0,0,0.2,0.6,3,1.0024472800026691,0.04194292655169879,2.703583433254047,0.6426776564691999,0.12727394205744788,1.59692629403922,5.364418029785156e-09,0.0,5.960464477539063e-08,4.004332475649819e-12,1.3572011062684399e-12,2.484247694527306e-10,2.9802322387695314e-09,0.0,5.960464477539063e-08,1.5460129174222084,0.15583457867403067,3.4635097940549686
100,0,0,0.2,0.6,4,1.0024472800026691,0.04194292655169879,2.703583433254047,0.6426776564691999,0.12727394205744788,1.59692629403922,3.5762786865234374e-09,0.0,5.960464477539063e-08,3.646910655150106e-14,1.7772239894833365e-16,1.8326904476196547e-12,2.9802322387695314e-09,0.0,5.960464477539063e-08,1.5460129174222084,0.15583457867403067,3.4635097940549686
100,0,0,0.2,0.6,5,1.0024472800026691,0.04194292655169879,2.703583433254047,0.6426776564691999,0.12727394205744788,1.59692629403922,2.035029865725693e-09,0.0,8.429369702178807e-08,1.1143797388321298e-11,1.944923842621793e-12,8.437354103846891e-10,2.9802322387695314e-09,0.0,5.960464477539063e-08,1.5460129174222084,0.15583457867403067,3.4635097940549686
100,0,0,0.2,0.6,6,1.0024472800026691,0.04194292655169879,2.703583433254047,0.6426776564691999,0.12727394205744788,1.59692629403922,1.7881393432617187e-09,0.0,5.960464477539063e-08,2.0281038030072525e-14,3.1401849173675503e-16,9.228165566205667e-13,2.9802322387695314e-09,0.0,5.960464477539063e-08,1.5460129174222084,0.15583457867403067,3.4635097940549686
100,0,0,0.2,0.6,7,1.0024472800026691,0.04194292655169879,2.703583433254047,0.6426776564691999,0.12727394205744788,1.59692629403922,5.364418029785156e-09,0.0,5.960464477539063e-08,1.1247223246492764e-12,1.7513324162609325e-13,7.490225415207323e-11,2.9802322387695314e-09,0.0,5.960464477539063e-08,1.5460129174222084,0.15583457867403067,3.4635097940549686
100,0,0,0.2,0.6,8,1.0024472800026691,0.04194292655169879,2.703583433254047,0.6426776564691999,0.12727394205744788,1.59692629403922,5.015262104495225e-09,0.0,8.429369702178807e-08,7.877477515343002e-13,1.3334753748445113e-13,6.140661311705681e-11,2.9802322387695314e-09,0.0,5.960464477539063e-08,1.5460129174222084,0.15583457867403067,3.4635097940549686
100,0,0,0.2,0.6,9,1.0024472800026691,0.04194292655169879,2.703583433254047,0.6426776564691999,0.12727394205744788,1.59692629403922,3.8231692089874115e-09,0.0,8.429369702178807e-08,4.996292196659249e-13,7.344083873718181e-14,3.921870479305375e-11,2.9802322387695314e-09,0.0,5.960464477539063e-08,1.5460129174222084,0.15583457867403067,3.4635097940549686
100,0,0,0.2,0.6,10,1.0024472800026691,0.04194292655169879,2.703583433254047,0.6426776564691999,0.12727394205744788,1.59692629403922,5.2621526269591985e-09,0.0,8.429369702178807e-08,7.125309052313352e-14,1.487948036807499e-14,2.71331941253176e-12,2.9802322387695314e-09,0.0,5.960464477539063e-08,1.5460129174222084,0.15583457867403067,3.4635097940549686
100,0,0,0.2,0.6,11,1.0024472800026691,0.04194292655169879,2.703583433254047,0.6426776564691999,0.12727394205744788,1.59692629403922,2.6310763134795992e-09,0.0,8.429369702178807e-08,1.4729802552374705e-14,3.188872858294072e-15,9.237321244802874e-13,2.9802322387695314e-09,0.0,5.960464477539063e-08,1.5460129174222084,0.15583457867403067,3.4635097940549686
100,0,0,0.2,0.6,12,1.0024472800026691,0.04194292655169879,2.703583433254047,0.6426776564691999,0.12727394205744788,1.59692629403922,4.070059731451386e-09,0.0,8.429369702178807e-08,7.25697643073317e-15,6.661338147750939e-16,2.63820647454838e-13,2.9802322387695314e-09,0.0,5.960464477539063e-08,1.5460129174222084,0.15583457867403067,3.4635097940549686
100,0,0,0.2,0.6,13,1.0024472800026691,0.04194292655169879,2.703583433254047,0.6426776564691999,0.12727394205744788,1.59692629403922,4.172325134277344e-09,0.0,5.960464477539063e-08,1.6066878107801561e-13,2.532282188721332e-14,9.760522084021232e-12,2.9802322387695314e-09,0.0,5.960464477539063e-08,1.5460129174222084,0.15583457867403067,3.4635097940549686
100,0,0,0.2,0.6,14,1.0024472800026691,0.04194292655169879,2.703583433254047,0.6426776564691999,0.12727394205744788,1.59692629403922,3.5762786865234374e-09,0.0,5.960464477539063e-08,6.765081689402133e-13,1.1888088569725588e-13,4.4971343556140636e-11,2.9802322387695314e-09,0.0,5.960464477539063e-08,1.5460129174222084,0.15583457867403067,3.4635097940549686
100,0,0,0.2,0.6,15,1.0024472800026691,0.04194292655169879,2.703583433254047,0.6426776564691999,0.12727394205744788,1.59692629403922,2.6310763134795992e-09,0.0,8.429369702178807e-08,1.9642943662836558e-13,1.2727437153900118e-14,7.908714612571972e-12,2.9802322387695314e-09,0.0,5.960464477539063e-08,1.5460129174222084,0.15583457867403067,3.4635097940549686
100,0,0,0.2,0.6,16,1.0024472800026691,0.04194292655169879,2.703583433254047,0.6426776564691999,0.12727394205744788,1.59692629403922,5.611308552249131e-09,0.0,8.429369702178807e-08,9.712539907829038e-15,6.377745716588144e-16,1.6252850782810656e-13,2.9802322387695314e-09,0.0,5.960464477539063e-08,1.5460129174222084,0.15583457867403067,3.4635097940549686
100,0,0,0.2,0.6,17,1.0024472800026691,0.04194292655169879,2.703583433254047,0.6426776564691999,0.12727394205744788,1.59692629403922,2.9802322387695314e-09,0.0,5.960464477539063e-08,1.1560580643854086e-13,5.085257766256917e-15,4.608205862634398e-12,2.9802322387695314e-09,0.0,5.960464477539063e-08,1.5460129174222084,0.15583457867403067,3.4635097940549686
100,0,0,0.2,0.6,18,1.0024472800026691,0.04194292655169879,2.703583433254047,0.6426776564691999,0.12727394205744788,1.59692629403922,5.960464477539063e-10,0.0,5.960464477539063e-08,7.237589842529991e-15,4.440892098500626e-16,1.4834263337831293e-13,2.9802322387695314e-09,0.0,5.960464477539063e-08,1.5460129174222084,0.15583457867403067,3.4635097940549686
100,0,0,0.2,0.6,19,1.0024472800026691,0.04194292655169879,2.703583433254047,0.6426776564691999,0.12727394205744788,1.59692629403922,3.8231692089874115e-09,0.0,8.429369702178807e-08,1.1854726481861227e-13,6.557897197895601e-15,8.908895319835875e-12,2.9802322387695314e-09,0.0,5.960464477539063e-08,1.5460129174222084,0.15583457867403067,3.4635097940549686
100,0,0,0.2,0.65,0,0.8225188727393147,0.06465785187501379,2.659180507787618,0.5644160921660313,0.1018513869194456,1.5162339755682794,4.172325134277344e-09,0.0,5.960464477539063e-08,1.1729899006579038e-13,1.6573216538639717e-14,4.9160806171986926e-12,2.9802322387695314e-09,0.0,5.960464477539063e-08,1.5460129174222084,0.15583457867403067,3.4635097940549686
100,0,0,0.2,0.65,1,0.8225188727393147,0.06465785187501379,2.659180507787618,0.5644160921660313,0.1018513869194456,1.5162339755682794,2.6310763134795992e-09,0.0,8.429369702178807e-08,2.0621371526390454e-10,2.6681837977375744e-11,1.7897316959019318e-08,2.9802322387695314e-09,0.0,5.960464477539063e-08,1.5460129174222084,0.15583457867403067,3.4635097940549686
100,0,0,0.2,0.65,2,0.8225188727393147,0.06465785187501379,2.659180507787618,0.5644160921660313,0.1018513869194456,1.5162339755682794,5.960464477539063e-09,0.0,5.960464477539063e-08,1.925254735264881e-13,2.8332230319354595e-14,7.314625448217537e-12,2.9802322387695314e-09,0.0,5.960464477539063e-08,1.5460129174222084,0.15583457867403067,3.4635097940549686
100,0,0,0.2,0.65,3,0.8225188727393147,0.06465785187501379,2.659180507787618,0.5644160921660313,0.1018513869194456,1.5162339755682794,2.877966835943574e-09,0.0,8.429369702178807e-08,1.1240727530630769e-11,3.8564154504753325e-13,1.0791350834006928e-09,2.9802322387695314e-09,0.0,5.960464477539063e-08,1.5460129174222084,0.15583457867403067,3.4635097940549686
100,0,0,0.2,0.65,4,0.8225188727393147,0.06465785187501379,2.659180507787618,0.5644160921660313,0.1018513869194456,1.5162339755682794,3.5762786865234374e-09,0.0,5.960464477539063e-08,1.254182659521719e-13,9.720793526837989e-15,7.436696658015183e-12,2.9802322387695314e-09,0.0,5.960464477539063e-08,1.5460129174222084,0.15583457867403067,3.4635097940549686
100,0,0,0.2,0.65,5,0.8225188727393147,0.06465785187501379,2.659180507787618,0.5644160921660313,0.1018513869194456,1.5162339755682794,4.6661061792052925e-09,0.0,8.429369702178807e-08,4.071466109742491e-14,1.047382306668854e-15,1.6407752209105577e-12,2.9802322387695314e-09,0.0,5.960464477539063e-08,1.5460129174222084,0.15583457867403067,3.4635097940549686
100,0,0,0.2,0.65,6,0.8225188727393147,0.06465785187501379,2.659180507787618,0.5644160921660313,0.1018513869194456,1.5162339755682794,1.7881393432617187e-09,0.0,5.960464477539063e-08,2.1162828477718005e-11,2.831404781302798e-12,1.8318121340568416e-09,2.9802322387695314e-09,0.0,5.960464477539063e-08,1.5460129174222084,0.15583457867403067,3.4635097940549686
100,0,0,0.2,0.65,7,0.8225188727393147,0.06465785187501379,2.659180507787618,0.5644160921660313,0.1018513869194456,1.5162339755682794,3.8231692089874115e-09,0.0,8.429369702178807e-08,1.2383066269896285e-11,7.467182534777071e-13,5.379332084363636e-10,2.9802322387695314e-09,0.0,5.960464477539063e-08,1.5460129174222084,0.15583457867403067,3.4635097940549686
100,0,0,0.2,0.65,8,0.8225188727393147,0.06465785187501379,2.659180507787618,0.5644160921660313,0.1018513869194456,1.5162339755682794,4.070059731451386e-09,0.0,8.429369702178807e-08,5.951404017814647e-14,1.6728303211137657e-14,2.3075562973141936e-12,2.9802322387695314e-09,0.0,5.960464477539063e-08,1.5460129174222084,0.15583457867403067,3.4635097940549686
100,0,0,0.2,0.65,9,0.8225188727393147,0.06465785187501379,2.659180507787618,0.5644160921660313,0.1018513869194456,1.5162339755682794,4.419215656741318e-09,0.0,8.429369702178807e-08,4.775331426586743e-14,3.0115758821767002e-15,3.153101371305317e-12,2.9802322387695314e-09,0.0,5.960464477539063e-08,1.5460129174222084,0.15583457867403067,3.4635097940549686
100,0,0,0.2,0.65,10,0.8225188727393147,0.06465785187501379,2.659180507787618,0.5644160921660313,0.1018513869194456,1.5162339755682794,5.858199074713105e-09,0.0,8.429369702178807e-08,7.914281523188894e-14,2.182654418463048e-15,3.2630542025553563e-12,2.9802322387695314e-09,0.0,5.960464477539063e-08,1.5460129174222084,0.15583457867403067,3.4635097940549686
100,0,0,0.2,0.65,11,0.8225188727393147,0.06465785187501379,2.659180507787618,0.5644160921660313,0.1018513869194456,1.5162339755682794,5.960464477539063e-09,0.0,5.960464477539063e-08,4.329904041451435e-13,2.0222083826274252e-13,7.967114599233022e-12,2.9802322387695314e-09,0.0,5.960464477539063e-08,1.5460129174222084,0.15583457867403067,3.4635097940549686
100,0,0,0.2,0.65,12,0.8225188727393147,0.06465785187501379,2.659180507787618,0.5644160921660313,0.1018513869194456,1.5162339755682794,5.364418029785156e-09,0.0,5.960464477539063e-08,8.004533644766669e-14,3.2487068343022356e-16,4.2250578550321005e-12,2.9802322387695314e-09,0.0,5.960464477539063e-08,1.5460129174222084,0.15583457867403067,3.4635097940549686
100,0,0,0.2,0.65,13,0.8225188727393147,0.06465785187501379,2.659180507787618,0.5644160921660313,0.1018513869194456,1.5162339755682794,4.419215656741318e-09,0.0,8.429369702178807e-08,2.3589152494093967e-14,2.504777312823609e-15,1.0724847165923194e-12,2.9802322387695314e-09,0.0,5.960464477539063e-08,1.5460129174222084,0.15583457867403067,3.4635097940549686
100,0,0,0.2,0.65,14,0.8225188727393147,0.06465785187501379,2.659180507787618,0.5644160921660313,0.1018513869194456,1.5162339755682794,1.7881393432617187e-09,0.0,5.960464477539063e-08,1.6302646905540218e-14,1.0179146870343963e-15,1.0666699559152513e-12,2.9802322387695314e-09,0.0,5.960464477539063e-08,1.5460129174222084,0.15583457867403067,3.4635097940549686
100,0,0,0.2,0.65,15,0.8225188727393147,0.06465785187501379,2.659180507787618,0.5644160921660313,0.1018513869194456,1.5162339755682794,2.384185791015625e-09,0.0,5.960464477539063e-08,6.8071379386160035e-15,1.1102230246251565e-16,2.5734145891066807e-13,2.9802322387695314e-09,0.0,5.960464477539063e-08,1.5460129174222084,0.15583457867403067,3.4635097940549686
100,0,0,0.2,0.65,16,0.8225188727393147,0.06465785187501379,2.659180507787618,0.5644160921660313,0.1018513869194456,1.5162339755682794,2.877966835943574e-09,0.0,8.429369702178807e-08,3.371317619177117e-14,4.775249788392736e-16,8.683123637638955e-13,2.9802322387695314e-09,0.0,5.960464477539063e-08,1.5460129174222084,0.15583457867403067,3.4635097940549686
100,0,0,0.2,0.65,17,0.8225188727393147,0.06465785187501379,2.659180507787618,0.5644160921660313,0.1018513869194456,1.5162339755682794,4.419215656741318e-09,0.0,8.429369702178807e-08,9.181918160103402e-13,4.938110195657223e-13,3.602910578550547e-11,2.9802322387695314e-09,0.0,5.960464477539063e-08,1.5460129174222084,0.15583457867403067,3.4635097940549686
100,0,0,0.2,0.65,18,0.8225188727393147,0.06465785187501379,2.659180507787618,0.5644160921660313,0.1018513869194456,1.5162339755682794,2.035029865725693e-09,0.0,8.429369702178807e-08,1.0050371692331063e-12,1.471171842441516e-13,6.16605883775913e-11,2.9802322387695314e-09,0.0,5.960464477539063e-08,1.5460129174222084,0.15583457867403067,3.4635097940549686
100,0,0,0.2,0.65,19,0.8225188727393147,0.06465785187501379,2.659180507787618,0.5644160921660313,0.1018513869194456,1.5162339755682794,5.015262104495225e-09,0.0,8.429369702178807e-08,1.4884739038390717e-13,2.3774914762876734e-14,8.579088475743436e-12,2.9802322387695314e-09,0.0,5.960464477539063e-08,1.5460129174222084,0.15583457867403067,3.4635097940549686
100,0,0,0.2,0.7,0,0.6995462804509464,0.04697000506517185,2.5788027479399576,0.5001336135890265,0.11131389049683296,1.499998072477524,4.419215656741318e-09,0.0,8.429369702178807e-08,8.911175288465664e-14,1.3326838981526128e-14,2.444919361529614e-12,2.9802322387695314e-09,0.0,5.960464477539063e-08,1.5460129174222084,0.15583457867403067,3.4635097940549686
100,0,0,0.2,0.7,1,0.6995462804509464,0.04697000506517185,2.5788027479399576,0.5001336135890265,0.11131389049683296,1.499998072477524,4.172325134277344e-09,0.0,5.960464477539063e-08,4.411629791941594e-13,1.317432481897705e-13,1.438503089078068e-11,2.9802322387695314e-09,0.0,5.960464477539063e-08,1.5460129174222084,0.15583457867403067,3.4635097940549686
100,0,0,0.2,0.7,2,0.6995462804509464,0.04697000506517185,2.5788027479399576,0.5001336135890265,0.11131389049683296,1.499998072477524,1.1920928955078125e-09,0.0,5.960464477539063e-08,7.437212676300726e-14,4.002966042486721e-16,3.1239867674627832e-12,2.9802322387695314e-09,0.0,5.960464477539063e-08,1.5460129174222084,0.15583457867403067,3.4635097940549686
100,0,0,0.2,0.7,3,0.6995462804509464,0.04697000506517185,2.5788027479399576,0.5001336135890265,0.11131389049683296,1.499998072477524,6.207355000003037e-09,0.0,8.429369702178807e-08,8.302528718189539e-12,8.553410089013897e-13,7.370302885809802e-10,2.9802322387695314e-09,0.0,5.960464477539063e-08,1.5460129174222084,0.15583457867403067,3.4635097940549686
100,0,0,0.2,0.7,4,0.6995462804509464,0.04697000506517185,2.5788027479399576,0.5001336135890265,0.11131389049683296,1.499998072477524,2.9802322387695314e-09,0.0,5.960464477539063e-08,1.0532996766376391e-14,3.1401849173675503e-16,4.927309497294608e-13,2.9802322387695314e-09,0.0,5.960464477539063e-08,1.5460129174222084,0.15583457867403067,3.4635097940549686
100,0,0,0.2,0.7,5,0.6995462804509464,0.04697000506517185,2.5788027479399576,0.5001336135890265,0.11131389049683296,1.499998072477524,4.070059731451386e-09,0.0,8.429369702178807e-08,2.958308800045941e-10,1.5113110783553798e-10,1.461983290260622e-08,2.9802322387695314e-09,0.0,5.960464477539063e-08,1.5460129174222084,0.15583457867403067,3.4635097940549686
100,0,0,0.2,0.7,6,0.6995462804509464,0.04697000506517185,2.5788027479399576,0.5001336135890265,0.11131389049683296,1.499998072477524,5.015262104495225e-09,0.0,8.429369702178807e-08,2.7165590470921e-14,1.976695897494813e-15,7.800934680846557e-13,2.9802322387695314e-09,0.0,5.960464477539063e-08,1.5460129174222084,0.15583457867403067,3.4635097940549686
100,0,0,0.2,0.7,7,0.6995462804509464,0.04697000506517185,2.5788027479399576,0.5001336135890265,0.11131389049683296,1.499998072477524,3.5762786865234374e-09,0.0,5.960464477539063e-08,2.083120097362935e-14,5.438959822042073e-16,1.1965286218647292e-12,2.9802322387695314e-09,0.0,5.960464477539063e-08,1.5460129174222084,0.15583457867403067,3.4635097940549686
100,0,0,0.2,0.7,8,0.6995462804509464,0.04697000506517185,2.5788027479399576,0.5001336135890265,0.11131389049683296,1.499998072477524,5.858199074713105e-09,0.0,8.429369702178807e-08,3.107028766628183e-14,6.753223014464259e-16,6.251743342276728e-13,2.9802322387695314e-09,0.0,5.960464477539063e-08,1.5460129174222084,0.15583457867403067,3.4635097940549686
100,0,0,0.2,0.7,9,0.6995462804509464,0.04697000506517185,2.5788027479399576,0.5001336135890265,0.11131389049683296,1.499998072477524,5.960464477539063e-09,0.0,5.960464477539063e-08,8.736751402014683e-15,1.538370149106851e-15,2.0657293522975619e-13,2.9802322387695314e-09,0.0,5.960464477539063e-08,1.5460129174222084,0.15583457867403067,3.4635097940549686
100,0,0,0.2,0.7,10,0.6995462804509464,0.04697000506517185,2.5788027479399576,0.5001336135890265,0.11131389049683296,1.499998072477524,3.8231692089874115e-09,0.0,8.429369702178807e-08,2.4088185821129827e-15,1.1102230246251565e-16,5.3343876842163605e-14,2.9802322387695314e-09,0.0,5.960464477539063e-08,1.5460129174222084,0.15583457867403067,3.4635097940549686
100,0,0,0.2,0.7,11,0.6995462804509464,0.04697000506517185,2.5788027479399576,0.5001336135890265,0.11131389049683296,1.499998072477524,2.384185791015625e-09,0.0,5.960464477539063e-08,4.2686536504830363e-13,3.957271573228839e-14,1.2214319352274977e-11,2.9802322387695314e-09,0.0,5.960464477539063e-08,1.5460129174222084,0.15583457867403067,3.4635097940549686
100,0,0,0.2,0.7,12,0.6995462804509464,0.04697000506517185,2.5788027479399576,0.5001336135890265,0.11131389049683296,1.499998072477524,3.5762786865234374e-09,0.0,5.960464477539063e-08,7.707715967513443e-13,3.1130819905933367e-14,6.823307919272894e-11,2.9802322387695314e-09,0.0,5.960464477539063e-08,1.5460129174222084,0.15583457867403067,3.4635097940549686
100,0,0,0.2,0.7,13,0.6995462804509464,0.04697000506517185,2.5788027479399576,0.5001336135890265,0.11131389049683296,1.499998072477524,2.384185791015625e-09,0.0,5.960464477539063e-08,3.652376129937776e-12,6.701915796724398e-13,2.9265859749988027e-10,2.9802322387695314e-09,0.0,5.960464477539063e-08,1.5460129174222084,0.15583457867403067,3.4635097940549686
100,0,0,0.2,0.7,14,0.6995462804509464,0.04697000506517185,2.5788027479399576,0.5001336135890265,0.11131389049683296,1.499998072477524,3.2271227612335056e-09,0.0,8.429369702178807e-08,5.803454892707309e-14,1.0170061048655122e-14,9.263837601041803e-13,2.9802322387695314e-09,0.0,5.960464477539063e-08,1.5460129174222084,0.15583457867403067,3.4635097940549686
100,0,0,0.2,0.7,15,0.6995462804509464,0.04697000506517185,2.5788027479399576,0.5001336135890265,0.11131389049683296,1.499998072477524,1.1920928955078125e-09,0.0,5.960464477539063e-08,3.004173092004416e-13,2.609779894927607e-14,2.060750628680716e-11,2.9802322387695314e-09,0.0,5.960464477539063e-08,1.5460129174222084,0.15583457867403067,3.4635097940549686
100,0,0,0.2,0.7,16,0.6995462804509464,0.04697000506517185,2.5788027479399576,0.5001336135890265,0.11131389049683296,1.499998072477524,4.419215656741318e-09,0.0,8.429369702178807e-08,6.182776082327565e-14,2.008736799634406e-14,2.158825937575447e-12,2.9802322387695314e-09,0.0,5.960464477539063e-08,1.5460129174222084,0.15583457867403067,3.4635097940549686
100,0,0,0.2,0.7,17,0.6995462804509464,0.04697000506517185,2.5788027479399576,0.5001336135890265,0.11131389049683296,1.499998072477524,1.1920928955078125e-09,0.0,5.960464477539063e-08,9.66186553679422e-14,6.967257642881552e-15,4.282052515568902e-12,2.9802322387695314e-09,0.0,5.960464477539063e-08,1.5460129174222084,0.15583457867403067,3.4635097940549686
100,0,0,0.2,0.7,18,0.6995462804509464,0.04697000506517185,2.5788027479399576,0.5001336135890265,0.11131389049683296,1.499998072477524,5.015262104495225e-09,0.0,8.429369702178807e-08,1.5195167931026248e-13,2.1381595543054674e-14,7.709458718342109e-12,2.9802322387695314e-09,0.0,5.960464477539063e-08,1.5460129174222084,0.15583457867403067,3.4635097940549686
100,0,0,0.2,0.7,19,0.6995462804509464,0.04697000506517185,2.5788027479399576,0.5001336135890265,0.11131389049683296,1.499998072477524,4.76837158203125e-09,0.0,5.960464477539063e-08,6.022412530077998e-13,9.325476890198705e-14,4.111840755277164e-11,2.9802322387695314e-09,0.0,5.960464477539063e-08,1.5460129174222084,0.15583457867403067,3.4635097940549686
100,0,0,0.2,0.75,0,0.5532380793734596,0.047804166562140496,1.632402481472789,0.403111500264038,0.0668500927091937,1.41332908695168,3.8231692089874115e-09,0.0,8.429369702178807e-08,2.338658044804733e-10,7.702930356175381e-11,1.5658052280761065e-08,2.9802322387695314e-09,0.0,5.960464477539063e-08,1.5460129174222084,0.15583457867403067,3.4635097940549686
100,0,0,0.2,0.75,1,0.5532380793734596,0.047804166562140496,1.632402481472789,0.403111500264038,0.0668500927091937,1.41332908695168,3.4740132836974798e-09,0.0,8.429369702178807e-08,1.7245911935791317e-14,2.7194799110210365e-16,1.1415946476220012e-12,2.9802322387695314e-09,0.0,5.960464477539063e-08,1.5460129174222084,0.15583457867403067,3.4635097940549686
100,0,0,0.2,0.75,2,0.5532380793734596,0.047804166562140496,1.632402481472789,0.403111500264038,0.0668500927091937,1.41332908695168,2.9802322387695314e-09,0.0,5.960464477539063e-08,2.309086433497e-14,3.743608822956405e-15,6.533822947342778e-13,2.9802322387695314e-09,0.0,5.960464477539063e-08,1.5460129174222084,0.15583457867403067,3.4635097940549686
100,0,0,0.2,0.75,3,0.5532380793734596,0.047804166562140496,1.632402481472789,0.403111500264038,0.0668500927091937,1.41332908695168,4.172325134277344e-09,0.0,5.960464477539063e-08,9.800181139858032e-15,4.718447854656915e-16,4.915306723114986e-13,2.9802322387695314e-09,0.0,5.960464477539063e-08,1.5460129174222084,0.15583457867403067,3.4635097940549686
100,0,0,0.2,0.75,4,0.5532380793734596,0.047804166562140496,1.632402481472789,0.403111500264038,0.0668500927091937,1.41332908695168,5.611308552249131e-09,0.0,8.429369702178807e-08,1.7471167071494715e-14,1.5700924586837752e-16,8.787194945894734e-13,2.9802322387695314e-09,0.0,5.960464477539063e-08,1.5460129174222084,0.15583457867403067,3.4635097940549686
100,0,0,0.2,0.75,5,0.5532380793734596,0.047804166562140496,1.632402481472789,0.403111500264038,0.0668500927091937,1.41332908695168,4.419215656741318e-09,0.0,8.429369702178807e-08,1.8639013199012268e-14,4.577566798522237e-16,8.757713198224095e-13,2.9802322387695314e-09,0.0,5.960464477539063e-08,1.5460129174222084,0.15583457867403067,3.4635097940549686
100,0,0,0.2,0.75,6,0.5532380793734596,0.047804166562140496,1.632402481472789,0.403111500264038,0.0668500927091937,1.41332908695168,3.2271227612335056e-09,0.0,8.429369702178807e-08,3.5913093200845287e-14,4.045178757421198e-15,1.5804258234067518e-12,2.9802322387695314e-09,0.0,5.960464477539063e-08,1.5460129174222084,0.15583457867403067,3.4635097940549686
100,0,0,0.2,0.75,7,0.5532380793734596,0.047804166562140496,1.632402481472789,0.403111500264038,0.0668500927091937,1.41332908695168,3.5762786865234374e-09,0.0,5.960464477539063e-08,6.006949804586837e-14,1.5305885091534673e-14,4.132260813589933e-12,2.9802322387695314e-09,0.0,5.960464477539063e-08,1.5460129174222084,0.15583457867403067,3.4635097940549686
100,0,0,0.2,0.75,8,0.5532380793734596,0.047804166562140496,1.632402481472789,0.403111500264038,0.0668500927091937,1.41332908695168,0.0,0.0,0.0,4.062159619070847e-14,1.1322097734007351e-15,1.0903772027093245e-12,2.9802322387695314e-09,0.0,5.960464477539063e-08,1.5460129174222084,0.15583457867403067,3.4635097940549686
100,0,0,0.2,0.75,9,0.5532380793734596,0.047804166562140496,1.632402481472789,0.403111500264038,0.0668500927091937,1.41332908695168,2.9802322387695314e-09,0.0,5.960464477539063e-08,3.105522158356751e-13,1.276629641105794e-13,1.1063869749521905e-11,2.9802322387695314e-09,0.0,5.960464477539063e-08,1.5460129174222084,0.15583457867403067,3.4635097940549686
100,0,0,0.2,0.75,10,0.5532380793734596,0.047804166562140496,1.632402481472789,0.403111500264038,0.0668500927091937,1.41332908695168,2.384185791015625e-09,0.0,5.960464477539063e-08,7.189052380807299e-15,7.791361360319881e-16,4.205251365045753e-13,2.9802322387695314e-09,0.0,5.960464477539063e-08,1.5460129174222084,0.15583457867403067,3.4635097940549686
100,0,0,0.2,0.75,11,0.5532380793734596,0.047804166562140496,1.632402481472789,0.403111500264038,0.0668500927091937,1.41332908695168,3.5762786865234374e-09,0.0,5.960464477539063e-08,5.341387410058294e-14,4.0125770192081414e-16,1.993330617512887e-12,2.9802322387695314e-09,0.0,5.960464477539063e-08,1.5460129174222084,0.15583457867403067,3.4635097940549686
100,0,0,0.2,0.75,12,0.5532380793734596,0.047804166562140496,1.632402481472789,0.403111500264038,0.0668500927091937,1.41332908695168,3.5762786865234374e-09,0.0,5.960464477539063e-08,4.868036157109237e-15,1.1133411481696098e-15,7.879379204666897e-14,2.9802322387695314e-09,0.0,5.960464477539063e-08,1.5460129174222084,0.15583457867403067,3.4635097940549686
100,0,0,0.2,0.75,13,0.5532380793734596,0.047804166562140496,1.632402481472789,0.403111500264038,0.0668500927091937,1.41332908695168,5.611308552249131e-09,0.0,8.429369702178807e-08,3.8840732013084587e-10,1.3428507652319312e-10,2.4816972605417938e-08,2.9802322387695314e-09,0.0,5.960464477539063e-08,1.5460129174222084,0.15583457867403067,3.4635097940549686
100,0,0,0.2,0.75,14,0.5532380793734596,0.047804166562140496,1.632402481472789,0.403111500264038,0.0668500927091937,1.41332908695168,5.2621526269591985e-09,0.0,8.429369702178807e-08,5.59138946309519e-14,1.5975738988547494e-15,2.6153346637649742e-12,2.9802322387695314e-09,0.0,5.960464477539063e-08,1.5460129174222084,0.15583457867403067,3.4635097940549686
100,0,0,0.2,0.75,15,0.5532380793734596,0.047804166562140496,1.632402481472789,0.403111500264038,0.0668500927091937,1.41332908695168,4.070059731451386e-09,0.0,8.429369702178807e-08,1.229603996611387e-13,1.8673211990959973e-14,9.669413623478662e-12,2.9802322387695314e-09,0.0,5.960464477539063e-08,1.5460129174222084,0.15583457867403067,3.4635097940549686
100,0,0,0.2,0.75,16,0.5532380793734596,0.047804166562140496,1.632402481472789,0.403111500264038,0.0668500927091937,1.41332908695168,1.1920928955078125e-09,0.0,5.960464477539063e-08,1.0127699029265699e-13,2.068026944202094e-14,6.826685144049272e-12,2.9802322387695314e-09,0.0,5.960464477539063e-08,1.5460129174222084,0.15583457867403067,3.4635097940549686
100,0,0,0.2,0.75,17,0.5532380793734596,0.047804166562140496,1.632402481472789,0.403111500264038,0.0668500927091937,1.41332908695168,3.8231692089874115e-09,0.0,8.429369702178807e-08,2.01652957991192e-09,2.451552229039427e-10,1.772119602843032e-07,2.9802322387695314e-09,0.0,5.960464477539063e-08,1.5460129174222084,0.15583457867403067,3.4635097940549686
100,0,0,0.2,0.75,18,0.5532380793734596,0.047804166562140496,1.632402481472789,0.403111500264038,0.0668500927091937,1.41332908695168,2.9802322387695314e-09,0.0,5.960464477539063e-08,4.548370428832287e-14,3.1563349657991457e-15,2.487797001292582e-12,2.9802322387695314e-09,0.0,5.960464477539063e-08,1.5460129174222084,0.15583457867403067,3.4635097940549686
100,0,0,0.2,0.75,19,0.5532380793734596,0.047804166562140496,1.632402481472789,0.403111500264038,0.0668500927091937,1.41332908695168,4.172325134277344e-09,0.0,5.960464477539063e-08,9.564346547423707e-13,1.9474345142120957e-13,6.93270554865713e-11,2.9802322387695314e-09,0.0,5.960464477539063e-08,1.5460129174222084,0.15583457867403067,3.4635097940549686
100,0,0,0.2,0.8,0,0.4246884913805897,0.06430199992748391,1.0160831468108342,0.33143695817274543,0.06051250855935038,1.1669366884781218,4.172325134277344e-09,0.0,5.960464477539063e-08,5.01984700490241e-13,2.923577929193895e-14,3.100424759466904e-11,2.9802322387695314e-09,0.0,5.960464477539063e-08,1.5460129174222084,0.15583457867403067,3.4635097940549686
100,0,0,0.2,0.8,1,0.4246884913805897,0.06430199992748391,1.0160831468108342,0.33143695817274543,0.06051250855935038,1.1669366884781218,2.9802322387695314e-09,0.0,5.960464477539063e-08,5.4362273733124735e-14,3.404812786960553e-15,2.9375457259283205e-12,2.9802322387695314e-09,0.0,5.960464477539063e-08,1.5460129174222084,0.15583457867403067,3.4635097940549686
100,0,0,0.2,0.8,2,0.4246884913805897,0.06430199992748391,1.0160831468108342,0.33143695817274543,0.06051250855935038,1.1669366884781218,1.7881393432617187e-09,0.0,5.960464477539063e-08,3.011517109066247e-14,3.3306690738754696e-16,2.4041375903943964e-12,2.9802322387695314e-09,0.0,5.960464477539063e-08,1.5460129174222084,0.15583457867403067,3.4635097940549686
100,0,0,0.2,0.8,3,0.4246884913805897,0.06430199992748391,1.0160831468108342,0.33143695817274543,0.06051250855935038,1.1669366884781218,2.9802322387695314e-09,0.0,5.960464477539063e-08,2.7846987970391477e-13,5.95514616505384e-14,1.7224018416559167e-11,2.9802322387695314e-09,0.0,5.960464477539063e-08,1.5460129174222084,0.15583457867403067,3.4635097940549686
100,0,0,0.2,0.8,4,0.4246884913805897,0.06430199992748391,1.0160831468108342,0.33143695817274543,0.06051250855935038,1.1669366884781218,4.6661061792052925e-09,0.0,8.429369702178807e-08,4.2618612651004625e-14,1.138520043640157e-14,1.4596865442285038e-12,2.9802322387695314e-09,0.0,5.960464477539063e-08,1.5460129174222084,0.15583457867403067,3.4635097940549686
100,0,0,0.2,0.8,5,0.4246884913805897,0.06430199992748391,1.0160831468108342,0.33143695817274543,0.06051250855935038,1.1669366884781218,7.152557373046875e-09,0.0,5.960464477539063e-08,5.209487542521814e-11,1.9040374759221388e-11,3.25095614569902e-09,2.9802322387695314e-09,0.0,5.960464477539063e-08,1.5460129174222084,0.15583457867403067,3.4635097940549686
100,0,0,0.2,0.8,6,0.4246884913805897,0.06430199992748391,1.0160831468108342,0.33143695817274543,0.06051250855935038,1.1669366884781218,3.8231692089874115e-09,0.0,8.429369702178807e-08,2.3686766245741776e-13,7.462171030015338e-14,7.381381895427859e-12,2.9802322387695314e-09,0.0,5.960464477539063e-08,1.5460129174222084,0.15583457867403067,3.4635097940549686
100,0,0,0.2,0.8,7,0.4246884913805897,0.06430199992748391,1.0160831468108342,0.33143695817274543,0.06051250855935038,1.1669366884781218,2.384185791015625e-09,0.0,5.960464477539063e-08,1.6875910459069984e-14,8.899114524108741e-16,7.125617243825104e-13,2.9802322387695314e-09,0.0,5.960464477539063e-08,1.5460129174222084,0.15583457867403067,3.4635097940549686
100,0,0,0.2,0.8,8,0.4246884913805897,0.06430199992748391,1.0160831468108342,0.33143695817274543,0.06051250855935038,1.1669366884781218,2.035029865725693e-09,0.0,8.429369702178807e-08,4.2304833000997003e-13,8.917074689486649e-14,3.064261586174998e-11,2.9802322387695314e-09,0.0,5.960464477539063e-08,1.5460129174222084,0.15583457867403067,3.4635097940549686
100,0,0,0.2,0.8,9,0.4246884913805897,0.06430199992748391,1.0160831468108342,0.33143695817274543,0.06051250855935038,1.1669366884781218,4.419215656741318e-09,0.0,8.429369702178807e-08,9.70730378344469e-14,7.34175636612619e-15,6.235473795447739e-12,2.9802322387695314e-09,0.0,5.960464477539063e-08,1.5460129174222084,0.15583457867403067,3.4635097940549686
100,0,0,0.2,0.8,10,0.4246884913805897,0.06430199992748391,1.0160831468108342,0.33143695817274543,0.06051250855935038,1.1669366884781218,2.9802322387695314e-09,0.0,5.960464477539063e-08,1.339917318882714e-14,2.852965698920677e-15,4.892394401981209e-13,2.9802322387695314e-09,0.0,5.960464477539063e-08,1.5460129174222084,0.15583457867403067,3.4635097940549686
100,0,0,0.2,0.8,11,0.4246884913805897,0.06430199992748391,1.0160831468108342,0.33143695817274543,0.06051250855935038,1.1669366884781218,2.384185791015625e-09,0.0,5.960464477539063e-08,2.2186953749130133e-13,2.15298123311635e-15,1.3993634344697484e-11,2.9802322387695314e-09,0.0,5.960464477539063e-08,1.5460129174222084,0.15583457867403067,3.4635097940549686
100,0,0,0.2,0.8,12,0.4246884913805897,0.06430199992748391,1.0160831468108342,0.33143695817274543,0.06051250855935038,1.1669366884781218,2.9802322387695314e-09,0.0,5.960464477539063e-08,5.0057950588072947e-14,1.0651199882271329e-14,1.461656998636925e-12,2.9802322387695314e-09,0.0,5.960464477539063e-08,1.5460129174222084,0.15583457867403067,3.4635097940549686
100,0,0,0.2,0.8,13,0.4246884913805897,0.06430199992748391,1.0160831468108342,0.33143695817274543,0.06051250855935038,1.1669366884781218,5.611308552249131e-09,0.0,8.429369702178807e-08,7.2742022616304e-15,2.482534153247273e-16,1.669309295448057e-13,2.9802322387695314e-09,0.0,5.960464477539063e-08,1.5460129174222084,0.15583457867403067,3.4635097940549686
100,0,0,0.2,0.8,14,0.4246884913805897,0.06430199992748391,1.0160831468108342,0.33143695817274543,0.06051250855935038,1.1669366884781218,3.8231692089874115e-09,0.0,8.429369702178807e-08,3.0153890090721666e-13,5.864313724465655e-15,2.4622960074308508e-11,2.9802322387695314e-09,0.0,5.960464477539063e-08,1.5460129174222084,0.15583457867403067,3.4635097940549686
100,0,0,0.2,0.8,15,0.4246884913805897,0.06430199992748391,1.0160831468108342,0.33143695817274543,0.06051250855935038,1.1669366884781218,3.8231692089874115e-09,0.0,8.429369702178807e-08,6.892886060772728e-14,8.797116446275076e-15,3.028527825450256e-12,2.9802322387695314e-09,0.0,5.960464477539063e-08,1.5460129174222084,0.15583457867403067,3.4635097940549686
100,0,0,0.2,0.8,16,0.4246884913805897,0.06430199992748391,1.0160831468108342,0.33143695817274543,0.06051250855935038,1.1669366884781218,1.7881393432617187e-09,0.0,5.960464477539063e-08,3.3574009136793435e-14,1.594436429147036e-16,1.606628903077158e-12,2.9802322387695314e-09,0.0,5.960464477539063e-08,1.5460129174222084,0.15583457867403067,3.4635097940549686
100,0,0,0.2,0.8,17,0.4246884913805897,0.06430199992748391,1.0160831468108342,0.33143695817274543,0.06051250855935038,1.1669366884781218,5.2621526269591985e-09,0.0,8.429369702178807e-08,6.036711874116316e-13,8.294970980368535e-15,3.1063168406856766e-11,2.9802322387695314e-09,0.0,5.960464477539063e-08,1.5460129174222084,0.15583457867403067,3.4635097940549686
100,0,0,0.2,0.8,18,0.4246884913805897,0.06430199992748391,1.0160831468108342,0.33143695817274543,0.06051250855935038,1.1669366884781218,3.4740132836974798e-09,0.0,8.429369702178807e-08,2.1851828426961062e-14,1.1379786002407855e-15,1.159862026404624e-12,2.9802322387695314e-09,0.0,5.960464477539063e-08,1.5460129174222084,0.15583457867403067,3.4635097940549686
100,0,0,0.2,0.8,19,0.4246884913805897,0.06430199992748391,1.0160831468108342,0.33143695817274543,0.06051250855935038,1.1669366884781218,4.6661061792052925e-09,0.0,8.429369702178807e-08,1.0899873629631071e-13,2.0572705257275158e-14,4.243314697384924e-12,2.9802322387695314e-09,0.0,5.960464477539063e-08,1.5460129174222084,0.15583457867403067,3.4635097940549686
100,0,0,0.2,0.8500000000000001,0,0.3419519030097619,0.049690777694726754,0.9545912968921546,0.27357478948609537,0.042210399559361546,0.9763424864453626,1.7881393432617187e-09,0.0,5.960464477539063e-08,3.0021320271240254e-13,3.8184085030044037e-14,2.0838587291836785e-11,2.9802322387695314e-09,0.0,5.960464477539063e-08,1.5460129174222084,0.15583457867403067,3.4635097940549686
100,0,0,0.2,0.8500000000000001,1,0.3419519030097619,0.049690777694726754,0.9545912968921546,0.27357478948609537,0.042210399559361546,0.9763424864453626,3.5762786865234374e-09,0.0,5.960464477539063e-08,1.1185316641285905e-13,1.3463027851347984e-14,8.142913121328499e-12,2.9802322387695314e-09,0.0,5.960464477539063e-08,1.5460129174222084,0.15583457867403067,3.4635097940549686
100,0,0,0.2,0.8500000000000001,2,0.3419519030097619,0.049690777694726754,0.9545912968921546,0.27357478948609537,0.042210399559361546,0.9763424864453626,4.76837158203125e-09,0.0,5.960464477539063e-08,3.919991253906793e-15,2.482534153247273e-16,9.246158377869498e-14,2.9802322387695314e-09,0.0,5.960464477539063e-08,1.5460129174222084,0.15583457867403067,3.4635097940549686
100,0,0,0.2,0.8500000000000001,3,0.3419519030097619,0.049690777694726754,0.9545912968921546,0.27357478948609537,0.042210399559361546,0.9763424864453626,2.9802322387695314e-09,0.0,5.960464477539063e-08,2.092670383891377e-14,1.1102230246251565e-16,4.644028018346592e-13,2.9802322387695314e-09,0.0,5.960464477539063e-08,1.5460129174222084,0.15583457867403067,3.4635097940549686
100,0,0,0.2,0.8500000000000001,4,0.3419519030097619,0.049690777694726754,0.9545912968921546,0.27357478948609537,0.042210399559361546,0.9763424864453626,1.7881393432617187e-09,0.0,5.960464477539063e-08,2.5155597848668705e-14,1.9484335006297032e-15,9.248772795584876e-13,2.9802322387695314e-09,0.0,5.960464477539063e-08,1.5460129174222084,0.15583457867403067,3.4635097940549686
100,0,0,0.2,0.8500000000000001,5,0.3419519030097619,0.049690777694726754,0.9545912968921546,0.27357478948609537,0.042210399559361546,0.9763424864453626,1.7881393432617187e-09,0.0,5.960464477539063e-08,2.766217686299284e-12,2.9360546359112913e-13,2.1622194763945393e-10,2.9802322387695314e-09,0.0,5.960464477539063e-08,1.5460129174222084,0.15583457867403067,3.4635097940549686
100,0,0,0.2,0.8500000000000001,6,0.3419519030097619,0.049690777694726754,0.9545912968921546,0.27357478948609537,0.042210399559361546,0.9763424864453626,2.9802322387695314e-09,0.0,5.960464477539063e-08,2.6099310603992963e-12,6.6757541123634e-13,1.9049875008867139e-10,2.9802322387695314e-09,0.0,5.960464477539063e-08,1.5460129174222084,0.15583457867403067,3.4635097940549686
100,0,0,0.2,0.8500000000000001,7,0.3419519030097619,0.049690777694726754,0.9545912968921546,0.27357478948609537,0.042210399559361546,0.9763424864453626,1.7881393432617187e-09,0.0,5.960464477539063e-08,8.366497015059952e-14,1.2212453270876722e-15,7.574090137166005e-12,2.9802322387695314e-09,0.0,5.960464477539063e-08,1.5460129174222084,0.15583457867403067,3.4635097940549686
100,0,0,0.2,0.8500000000000001,8,0.3419519030097619,0.049690777694726754,0.9545912968921546,0.27357478948609537,0.042210399559361546,0.9763424864453626,2.9802322387695314e-09,0.0,5.960464477539063e-08,2.5932809524780113e-15,1.2432050435751766e-16,6.331803612314511e-14,2.9802322387695314e-09,0.0,5.960464477539063e-08,1.5460129174222084,0.15583457867403067,3.4635097940549686
100,0,0,0.2,0.8500000000000001,9,0.3419519030097619,0.049690777694726754,0.9545912968921546,0.27357478948609537,0.042210399559361546,0.9763424864453626,3.4740132836974798e-09,0.0,8.429369702178807e-08,2.5325135936908612e-15,3.469446951953614e-17,4.41539479507844e-14,2.9802322387695314e-09,0.0,5.960464477539063e-08,1.5460129174222084,0.15583457867403067,3.4635097940549686
100,0,0,0.2,0.8500000000000001,10,0.3419519030097619,0.049690777694726754,0.9545912968921546,0.27357478948609537,0.042210399559361546,0.9763424864453626,2.035029865725693e-09,0.0,8.429369702178807e-08,8.023577115118705e-14,4.255211271505921e-15,4.191487809204053e-12,2.9802322387695314e-09,0.0,5.960464477539063e-08,1.5460129174222084,0.15583457867403067,3.4635097940549686
100,0,0,0.2,0.8500000000000001,11,0.3419519030097619,0.049690777694726754,0.9545912968921546,0.27357478948609537,0.042210399559361546,0.9763424864453626,4.76837158203125e-09,0.0,5.960464477539063e-08,5.123714430601677e-14,2.1348801402871297e-15,3.93354743388254e-12,2.9802322387695314e-09,0.0,5.960464477539063e-08,1.5460129174222084,0.15583457867403067,3.4635097940549686
100,0,0,0.2,0.8500000000000001,12,0.3419519030097619,0.049690777694726754,0.9545912968921546,0.27357478948609537,0.042210399559361546,0.9763424864453626,2.384185791015625e-09,0.0,5.960464477539063e-08,8.956477854510301e-13,1.5244260733861643e-13,5.872172838317501e-11,2.9802322387695314e-09,0.0,5.960464477539063e-08,1.5460129174222084,0.15583457867403067,3.4635097940549686
100,0,0,0.2,0.8500000000000001,13,0.3419519030097619,0.049690777694726754,0.9545912968921546,0.27357478948609537,0.042210399559361546,0.9763424864453626,2.035029865725693e-09,0.0,8.429369702178807e-08,2.0697164184455132e-14,1.0284555048505842e-15,1.3651965575284796e-12,2.9802322387695314e-09,0.0,5.960464477539063e-08,1.5460129174222084,0.15583457867403067,3.4635097940549686
100,0,0,0.2,0.8500000000000001,14,0.3419519030097619,0.049690777694726754,0.9545912968921546,0.27357478948609537,0.042210399559361546,0.9763424864453626,4.6661061792052925e-09,0.0,8.429369702178807e-08,2.6744994290985e-13,2.1455185622588972e-14,2.1976088771470404e-11,2.9802322387695314e-09,0.0,5.960464477539063e-08,1.5460129174222084,0.15583457867403067,3.4635097940549686
100,0,0,0.2,0.8500000000000001,15,0.3419519030097619,0.049690777694726754,0.9545912968921546,0.27357478948609537,0.042210399559361546,0.9763424864453626,2.9802322387695314e-09,0.0,5.960464477539063e-08,4.682065415697563e-13,1.5638161283638282e-13,2.2520335225689176e-11,2.9802322387695314e-09,0.0,5.960464477539063e-08,1.5460129174222084,0.15583457867403067,3.4635097940549686
100,0,0,0.2,0.8500000000000001,16,0.3419519030097619,0.049690777694726754,0.9545912968921546,0.27357478948609537,0.042210399559361546,0.9763424864453626,2.9802322387695314e-09,0.0,5.960464477539063e-08,7.984635070207006e-14,7.837891489047696e-15,1.887331653108131e-12,2.9802322387695314e-09,0.0,5.960464477539063e-08,1.5460129174222084,0.15583457867403067,3.4635097940549686
100,0,0,0.2,0.8500000000000001,17,0.3419519030097619,0.049690777694726754,0.9545912968921546,0.27357478948609537,0.042210399559361546,0.9763424864453626,2.035029865725693e-09,0.0,8.429369702178807e-08,4.236226018486629e-15,1.9229626863835638e-16,6.905944188837147e-14,2.9802322387695314e-09,0.0,5.960464477539063e-08,1.5460129174222084,0.15583457867403067,3.4635097940549686
100,0,0,0.2,0.8500000000000001,18,0.3419519030097619,0.049690777694726754,0.9545912968921546,0.27357478948609537,0.042210399559361546,0.9763424864453626,4.76837158203125e-09,0.0,5.960464477539063e-08,4.248920918245455e-14,2.3314683517128287e-15,1.456777880000056e-12,2.9802322387695314e-09,0.0,5.960464477539063e-08,1.5460129174222084,0.15583457867403067,3.4635097940549686
100,0,0,0.2,0.8500000000000001,19,0.3419519030097619,0.049690777694726754,0.9545912968921546,0.27357478948609537,0.042210399559361546,0.9763424864453626,6.105089597177079e-09,0.0,8.429369702178807e-08,1.0311304910569603e-13,3.139497926769059e-14,4.78641457920754e-12,2.9802322387695314e-09,0.0,5.960464477539063e-08,1.5460129174222084,0.15583457867403067,3.4635097940549686
100,0,0,0.2,0.9,0,0.27301443981740386,0.01071884333667893,0.7562552183099026,0.21778200421562172,0.028976390986372693,1.0393592200905757,2.9802322387695314e-09,0.0,5.960464477539063e-08,1.9625529161786468e-14,3.944417886423527e-15,1.2035108800116903e-12,2.9802322387695314e-09,0.0,5.960464477539063e-08,1.5460129174222084,0.15583457867403067,3.4635097940549686
100,0,0,0.2,0.9,1,0.27301443981740386,0.01071884333667893,0.7562552183099026,0.21778200421562172,0.028976390986372693,1.0393592200905757,2.9802322387695314e-09,0.0,5.960464477539063e-08,1.0215875948788685e-13,2.4729828482474144e-14,6.084564308857885e-12,2.9802322387695314e-09,0.0,5.960464477539063e-08,1.5460129174222084,0.15583457867403067,3.4635097940549686
100,0,0,0.2,0.9,2,0.27301443981740386,0.01071884333667893,0.7562552183099026,0.21778200421562172,0.028976390986372693,1.0393592200905757,3.4740132836974798e-09,0.0,8.429369702178807e-08,1.6292559386595296e-13,2.041869249597083e-14,8.310110887345823e-12,2.9802322387695314e-09,0.0,5.960464477539063e-08,1.5460129174222084,0.15583457867403067,3.4635097940549686
100,0,0,0.2,0.9,3,0.27301443981740386,0.01071884333667893,0.7562552183099026,0.21778200421562172,0.028976390986372693,1.0393592200905757,2.384185791015625e-09,0.0,5.960464477539063e-08,4.110277693674725e-14,4.815412394636862e-16,1.2028697360180439e-12,2.9802322387695314e-09,0.0,5.960464477539063e-08,1.5460129174222084,0.15583457867403067,3.4635097940549686
100,0,0,0.2,0.9,4,0.27301443981740386,0.01071884333667893,0.7562552183099026,0.21778200421562172,0.028976390986372693,1.0393592200905757,3.5762786865234374e-09,0.0,5.960464477539063e-08,3.1406727177065344e-14,5.045105563317948e-15,1.074741259217069e-12,2.9802322387695314e-09,0.0,5.960464477539063e-08,1.5460129174222084,0.15583457867403067,3.4635097940549686
100,0,0,0.2,0.9,5,0.27301443981740386,0.01071884333667893,0.7562552183099026,0.21778200421562172,0.028976390986372693,1.0393592200905757,5.960464477539063e-10,0.0,5.960464477539063e-08,3.3231262387548443e-12,7.529312253715908e-13,2.3950777982712837e-10,2.9802322387695314e-09,0.0,5.960464477539063e-08,1.5460129174222084,0.15583457867403067,3.4635097940549686
100,0,0,0.2,0.9,6,0.27301443981740386,0.01071884333667893,0.7562552183099026,0.21778200421562172,0.028976390986372693,1.0393592200905757,3.8231692089874115e-09,0.0,8.429369702178807e-08,5.8501733393485606e-15,2.403703357979455e-16,1.0310841825808116e-13,2.9802322387695314e-09,0.0,5.960464477539063e-08,1.5460129174222084,0.15583457867403067,3.4635097940549686
100,0,0,0.2,0.9,7,0.27301443981740386,0.01071884333667893,0.7562552183099026,0.21778200421562172,0.028976390986372693,1.0393592200905757,4.6661061792052925e-09,0.0,8.429369702178807e-08,1.4579593238025983e-14,8.308148362110449e-16,3.0446202082372216e-13,2.9802322387695314e-09,0.0,5.960464477539063e-08,1.5460129174222084,0.15583457867403067,3.4635097940549686
100,0,0,0.2,0.9,8,0.27301443981740386,0.01071884333667893,0.7562552183099026,0.21778200421562172,0.028976390986372693,1.0393592200905757,1.1920928955078125e-09,0.0,5.960464477539063e-08,3.2971206863826973e-15,2.0770370905276122e-16,8.700743894914794e-14,2.9802322387695314e-09,0.0,5.960464477539063e-08,1.5460129174222084,0.15583457867403067,3.4635097940549686
100,0,0,0.2,0.9,9,0.27301443981740386,0.01071884333667893,0.7562552183099026,0.21778200421562172,0.028976390986372693,1.0393592200905757,2.384185791015625e-09,0.0,5.960464477539063e-08,3.8893001313589954e-13,1.1432472742386567e-13,1.7409196230467097e-11,2.9802322387695314e-09,0.0,5.960464477539063e-08,1.5460129174222084,0.15583457867403067,3.4635097940549686
100,0,0,0.2,0.9,10,0.27301443981740386,0.01071884333667893,0.7562552183099026,0.21778200421562172,0.028976390986372693,1.0393592200905757,4.172325134277344e-09,0.0,5.960464477539063e-08,1.054848151257873e-13,1.0429598422709816e-15,2.937782375603879e-12,2.9802322387695314e-09,0.0,5.960464477539063e-08,1.5460129174222084,0.15583457867403067,3.4635097940549686
100,0,0,0.2,0.9,11,0.27301443981740386,0.01071884333667893,0.7562552183099026,0.21778200421562172,0.028976390986372693,1.0393592200905757,2.384185791015625e-09,0.0,5.960464477539063e-08,2.1655676590297148e-14,2.3610191932795496e-15,1.302621736715155e-12,2.9802322387695314e-09,0.0,5.960464477539063e-08,1.5460129174222084,0.15583457867403067,3.4635097940549686
100,0,0,0.2,0.9,12,0.27301443981740386,0.01071884333667893,0.7562552183099026,0.21778200421562172,0.028976390986372693,1.0393592200905757,1.7881393432617187e-09,0.0,5.960464477539063e-08,3.755702727932453e-13,8.068572087985083e-14,2.813577072720725e-11,2.9802322387695314e-09,0.0,5.960464477539063e-08,1.5460129174222084,0.15583457867403067,3.4635097940549686
100,0,0,0.2,0.9,13,0.27301443981740386,0.01071884333667893,0.7562552183099026,0.21778200421562172,0.028976390986372693,1.0393592200905757,4.419215656741318e-09,0.0,8.429369702178807e-08,4.669040751953111e-13,2.6348565433455132e-14,3.166857933033026e-11,2.9802322387695314e-09,0.0,5.960464477539063e-08,1.5460129174222084,0.15583457867403067,3.4635097940549686
100,0,0,0.2,0.9,14,0.27301443981740386,0.01071884333667893,0.7562552183099026,0.21778200421562172,0.028976390986372693,1.0393592200905757,4.76837158203125e-09,0.0,5.960464477539063e-08,5.747860109229803e-15,2.220446049250313e-16,2.416350614502752e-13,2.9802322387695314e-09,0.0,5.960464477539063e-08,1.5460129174222084,0.15583457867403067,3.4635097940549686
100,0,0,0.2,0.9,15,0.27301443981740386,0.01071884333667893,0.7562552183099026,0.21778200421562172,0.028976390986372693,1.0393592200905757,3.5762786865234374e-09,0.0,5.960464477539063e-08,2.7694188145123804e-13,7.716799285467736e-14,6.354695317062176e-12,2.9802322387695314e-09,0.0,5.960464477539063e-08,1.5460129174222084,0.15583457867403067,3.4635097940549686
100,0,0,0.2,0.9,16,0.27301443981740386,0.01071884333667893,0.7562552183099026,0.21778200421562172,0.028976390986372693,1.0393592200905757,3.8231692089874115e-09,0.0,8.429369702178807e-08,4.73751831930925e-13,8.588436246628685e-14,2.7813360936769952e-11,2.9802322387695314e-09,0.0,5.960464477539063e-08,1.5460129174222084,0.15583457867403067,3.4635097940549686
100,0,0,0.2,0.9,17,0.27301443981740386,0.01071884333667893,0.7562552183099026,0.21778200421562172,0.028976390986372693,1.0393592200905757,2.6310763134795992e-09,0.0,8.429369702178807e-08,1.0006873517573425e-14,2.220446049250313e-16,2.609477842548787e-13,2.9802322387695314e-09,0.0,5.960464477539063e-08,1.5460129174222084,0.15583457867403067,3.4635097940549686
100,0,0,0.2,0.9,18,0.27301443981740386,0.01071884333667893,0.7562552183099026,0.21778200421562172,0.028976390986372693,1.0393592200905757,4.419215656741318e-09,0.0,8.429369702178807e-08,2.578104573063207e-14,4.965068306494546e-16,1.1409909875502352e-12,2.9802322387695314e-09,0.0,5.960464477539063e-08,1.5460129174222084,0.15583457867403067,3.4635097940549686
100,0,0,0.2,0.9,19,0.27301443981740386,0.01071884333667893,0.7562552183099026,0.21778200421562172,0.028976390986372693,1.0393592200905757,5.611308552249131e-09,0.0,8.429369702178807e-08,7.2446595580041014e-12,1.302802249405191e-12,5.909934737311938e-10,2.9802322387695314e-09,0.0,5.960464477539063e-08,1.5460129174222084,0.15583457867403067,3.4635097940549686
100,0,0,0.2,0.95,0,0.16811674714655914,0.008266780942102826,0.558223028743564,0.12310478192010739,0.008022146522618996,0.42789430514470145,3.5762786865234374e-09,0.0,5.960464477539063e-08,1.153860989062091e-14,4.1540741810552243e-16,3.096507551504385e-13,2.9802322387695314e-09,0.0,5.960464477539063e-08,1.5460129174222084,0.15583457867403067,3.4635097940549686
100,0,0,0.2,0.95,1,0.16811674714655914,0.008266780942102826,0.558223028743564,0.12310478192010739,0.008022146522618996,0.42789430514470145,4.172325134277344e-09,0.0,5.960464477539063e-08,2.476659088892803e-13,4.821155468692566e-14,1.7299174199559416e-11,2.9802322387695314e-09,0.0,5.960464477539063e-08,1.5460129174222084,0.15583457867403067,3.4635097940549686
100,0,0,0.2,0.95,2,0.16811674714655914,0.008266780942102826,0.558223028743564,0.12310478192010739,0.008022146522618996,0.42789430514470145,1.438983417971787e-09,0.0,8.429369702178807e-08,2.4029326600614628e-14,9.09180472805593e-16,3.9290615888507456e-13,2.9802322387695314e-09,0.0,5.960464477539063e-08,1.5460129174222084,0.15583457867403067,3.4635097940549686
100,0,0,0.2,0.95,3,0.16811674714655914,0.008266780942102826,0.558223028743564,0.12310478192010739,0.008022146522618996,0.42789430514470145,2.035029865725693e-09,0.0,8.429369702178807e-08,9.89339645953797e-15,3.9758484560043345e-16,3.262803430263665e-13,2.9802322387695314e-09,0.0,5.960464477539063e-08,1.5460129174222084,0.15583457867403067,3.4635097940549686
100,0,0,0.2,0.95,4,0.16811674714655914,0.008266780942102826,0.558223028743564,0.12310478192010739,0.008022146522618996,0.42789430514470145,5.364418029785156e-09,0.0,5.960464477539063e-08,8.317781174831541e-15,0.0,2.9382863555523016e-13,2.9802322387695314e-09,0.0,5.960464477539063e-08,1.5460129174222084,0.15583457867403067,3.4635097940549686
100,0,0,0.2,0.95,5,0.16811674714655914,0.008266780942102826,0.558223028743564,0.12310478192010739,0.008022146522618996,0.42789430514470145,2.384185791015625e-09,0.0,5.960464477539063e-08,5.358720697084995e-13,9.665039829541585e-15,4.875862142884871e-11,2.9802322387695314e-09,0.0,5.960464477539063e-08,1.5460129174222084,0.15583457867403067,3.4635097940549686
100,0,0,0.2,0.95,6,0.16811674714655914,0.008266780942102826,0.558223028743564,0.12310478192010739,0.008022146522618996,0.42789430514470145,6.454245522467011e-09,0.0,8.429369702178807e-08,4.707292680115606e-14,1.793620188084545e-15,2.3508683130109172e-12,2.9802322387695314e-09,0.0,5.960464477539063e-08,1.5460129174222084,0.15583457867403067,3.4635097940549686
100,0,0,0.2,0.95,7,0.16811674714655914,0.008266780942102826,0.558223028743564,0.12310478192010739,0.008022146522618996,0.42789430514470145,2.6310763134795992e-09,0.0,8.429369702178807e-08,2.7013216587726484e-14,2.2887833992611187e-16,1.2314994251646492e-12,2.9802322387695314e-09,0.0,5.960464477539063e-08,1.5460129174222084,0.15583457867403067,3.4635097940549686
100,0,0,0.2,0.95,8,0.16811674714655914,0.008266780942102826,0.558223028743564,0.12310478192010739,0.008022146522618996,0.42789430514470145,4.172325134277344e-09,0.0,5.960464477539063e-08,7.058760075033407e-14,8.01540465783387e-15,5.643459058869541e-12,2.9802322387695314e-09,0.0,5.960464477539063e-08,1.5460129174222084,0.15583457867403067,3.4635097940549686
100,0,0,0.2,0.95,9,0.16811674714655914,0.008266780942102826,0.558223028743564,0.12310478192010739,0.008022146522618996,0.42789430514470145,5.364418029785156e-09,0.0,5.960464477539063e-08,1.9700221675919328e-14,8.491573300505515e-16,6.763230082294347e-13,2.9802322387695314e-09,0.0,5.960464477539063e-08,1.5460129174222084,0.15583457867403067,3.4635097940549686
100,0,0,0.2,0.95,10,0.16811674714655914,0.008266780942102826,0.558223028743564,0.12310478192010739,0.008022146522618996,0.42789430514470145,2.9802322387695314e-09,0.0,5.960464477539063e-08,8.646435594108954e-14,3.1401849173675503e-16,2.8644101128532917e-12,2.9802322387695314e-09,0.0,5.960464477539063e-08,1.5460129174222084,0.15583457867403067,3.4635097940549686
100,0,0,0.2,0.95,11,0.16811674714655914,0.008266780942102826,0.558223028743564,0.12310478192010739,0.008022146522618996,0.42789430514470145,3.2271227612335056e-09,0.0,8.429369702178807e-08,5.148631220380351e-13,1.1578093235064852e-13,1.4346367441757962e-11,2.9802322387695314e-09,0.0,5.960464477539063e-08,1.5460129174222084,0.15583457867403067,3.4635097940549686
100,0,0,0.2,0.95,12,0.16811674714655914,0.008266780942102826,0.558223028743564,0.12310478192010739,0.008022146522618996,0.42789430514470145,5.364418029785156e-09,0.0,5.960464477539063e-08,6.552291116206284e-15,1.2947314098277875e-15,2.664809577041349e-13,2.9802322387695314e-09,0.0,5.960464477539063e-08,1.5460129174222084,0.15583457867403067,3.4635097940549686
100,0,0,0.2,0.95,13,0.16811674714655914,0.008266780942102826,0.558223028743564,0.12310478192010739,0.008022146522618996,0.42789430514470145,2.384185791015625e-09,0.0,5.960464477539063e-08,1.530315967388478e-14,7.609091204154493e-17,7.686688582700422e-13,2.9802322387695314e-09,0.0,5.960464477539063e-08,1.5460129174222084,0.15583457867403067,3.4635097940549686
100,0,0,0.2,0.95,14,0.16811674714655914,0.008266780942102826,0.558223028743564,0.12310478192010739,0.008022146522618996,0.42789430514470145,2.9802322387695314e-09,0.0,5.960464477539063e-08,1.3884327236396408e-14,2.7755575615628914e-16,4.149135351942447e-13,2.9802322387695314e-09,0.0,5.960464477539063e-08,1.5460129174222084,0.15583457867403067,3.4635097940549686
100,0,0,0.2,0.95,15,0.16811674714655914,0.008266780942102826,0.558223028743564,0.12310478192010739,0.008022146522618996,0.42789430514470145,2.6310763134795992e-09,0.0,8.429369702178807e-08,3.7254704828540264e-13,2.1397370722107163e-14,2.6740650644807705e-11,2.9802322387695314e-09,0.0,5.960464477539063e-08,1.5460129174222084,0.15583457867403067,3.4635097940549686
100,0,0,0.2,0.95,16,0.16811674714655914,0.008266780942102826,0.558223028743564,0.12310478192010739,0.008022146522618996,0.42789430514470145,1.7881393432617187e-09,0.0,5.960464477539063e-08,3.827219570646726e-14,1.790180836524724e-15,2.9601274044293587e-12,2.9802322387695314e-09,0.0,5.960464477539063e-08,1.5460129174222084,0.15583457867403067,3.4635097940549686
100,0,0,0.2,0.95,17,0.16811674714655914,0.008266780942102826,0.558223028743564,0.12310478192010739,0.008022146522618996,0.42789430514470145,5.611308552249131e-09,0.0,8.429369702178807e-08,3.705026017852769e-14,1.680072297996111e-15,1.1825476773161997e-12,2.9802322387695314e-09,0.0,5.960464477539063e-08,1.5460129174222084,0.15583457867403067,3.4635097940549686
100,0,0,0.2,0.95,18,0.16811674714655914,0.008266780942102826,0.558223028743564,0.12310478192010739,0.008022146522618996,0.42789430514470145,3.8231692089874115e-09,0.0,8.429369702178807e-08,5.9236758778668114e-12,2.5172321633762583e-12,3.183422296369341e-10,2.9802322387695314e-09,0.0,5.960464477539063e-08,1.5460129174222084,0.15583457867403067,3.4635097940549686
100,0,0,0.2,0.95,19,0.16811674714655914,0.008266780942102826,0.558223028743564,0.12310478192010739,0.008022146522618996,0.42789430514470145,3.8231692089874115e-09,0.0,8.429369702178807e-08,1.2713043145623568e-14,4.308824046522781e-16,9.058897476013656e-13,2.9802322387695314e-09,0.0,5.960464477539063e-08,1.5460129174222084,0.15583457867403067,3.4635097940549686
100,0,0,0.2,1.0,0,2.9802322387695314e-09,0.0,5.960464477539063e-08,1.3862854890340914e-09,3.98068695180851e-10,2.5715858565747274e-09,8.24238486572873e-09,0.0,8.429369702178807e-08,8.897045210724122e-14,5.301823528213721e-15,6.643435320651224e-12,2.9802322387695314e-09,0.0,5.960464477539063e-08,1.5460129174222084,0.15583457867403067,3.4635097940549686
100,0,0,0.2,1.0,1,2.9802322387695314e-09,0.0,5.960464477539063e-08,1.3862854890340914e-09,3.98068695180851e-10,2.5715858565747274e-09,2.9802322387695314e-09,0.0,5.960464477539063e-08,7.475082769203706e-13,5.591381202354229e-14,6.609840219298547e-11,2.9802322387695314e-09,0.0,5.960464477539063e-08,1.5460129174222084,0.15583457867403067,3.4635097940549686
100,0,0,0.2,1.0,2,2.9802322387695314e-09,0.0,5.960464477539063e-08,1.3862854890340914e-09,3.98068695180851e-10,2.5715858565747274e-09,6.803401447756944e-09,0.0,8.429369702178807e-08,5.6239588436554366e-12,3.740995938935879e-12,9.593469000329618e-11,2.9802322387695314e-09,0.0,5.960464477539063e-08,1.5460129174222084,0.15583457867403067,3.4635097940549686
100,0,0,0.2,1.0,3,2.9802322387695314e-09,0.0,5.960464477539063e-08,1.3862854890340914e-09,3.98068695180851e-10,2.5715858565747274e-09,1.1920928955078125e-09,0.0,5.960464477539063e-08,6.83024498587207e-14,1.4087150935148696e-15,5.622746595624297e-12,2.9802322387695314e-09,0.0,5.960464477539063e-08,1.5460129174222084,0.15583457867403067,3.4635097940549686
100,0,0,0.2,1.0,4,2.9802322387695314e-09,0.0,5.960464477539063e-08,1.3862854890340914e-09,3.98068695180851e-10,2.5715858565747274e-09,4.172325134277344e-09,0.0,5.960464477539063e-08,9.977232834063412e-12,1.5874277107790906e-12,8.290028486498067e-10,2.9802322387695314e-09,0.0,5.960464477539063e-08,1.5460129174222084,0.15583457867403067,3.4635097940549686
100,0,0,0.2,1.0,5,2.9802322387695314e-09,0.0,5.960464477539063e-08,1.3862854890340914e-09,3.98068695180851e-10,2.5715858565747274e-09,1.7881393432617187e-09,0.0,5.960464477539063e-08,1.626042169017133e-14,3.554447978966673e-16,3.723331587544828e-13,2.9802322387695314e-09,0.0,5.960464477539063e-08,1.5460129174222084,0.15583457867403067,3.4635097940549686
100,0,0,0.2,1.0,6,2.9802322387695314e-09,0.0,5.960464477539063e-08,1.3862854890340914e-09,3.98068695180851e-10,2.5715858565747274e-09,1.1920928955078125e-09,0.0,5.960464477539063e-08,5.465268982055249e-13,8.596968387833095e-14,2.4684008472129874e-11,2.9802322387695314e-09,0.0,5.960464477539063e-08,1.5460129174222084,0.15583457867403067,3.4635097940549686
100,0,0,0.2,1.0,7,2.9802322387695314e-09,0.0,5.960464477539063e-08,1.3862854890340914e-09,3.98068695180851e-10,2.5715858565747274e-09,5.858199074713105e-09,0.0,8.429369702178807e-08,2.1376038296030518e-13,1.2344961163461966e-14,9.357629550597601e-12,2.9802322387695314e-09,0.0,5.960464477539063e-08,1.5460129174222084,0.15583457867403067,3.4635097940549686
100,0,0,0.2,1.0,8,2.9802322387695314e-09,0.0,5.960464477539063e-08,1.3862854890340914e-09,3.98068695180851e-10,2.5715858565747274e-09,1.1920928955078125e-09,0.0,5.960464477539063e-08,1.267361078229307e-14,4.903103153189179e-16,5.166856293432132e-13,2.9802322387695314e-09,0.0,5.960464477539063e-08,1.5460129174222084,0.15583457867403067,3.4635097940549686
100,0,0,0.2,1.0,9,2.9802322387695314e-09,0.0,5.960464477539063e-08,1.3862854890340914e-09,3.98068695180851e-10,2.5715858565747274e-09,2.9802322387695314e-09,0.0,5.960464477539063e-08,1.9630532533498869e-13,4.266023845888642e-14,6.3444277975747e-12,2.9802322387695314e-09,0.0,5.960464477539063e-08,1.5460129174222084,0.15583457867403067,3.4635097940549686
100,0,0,0.2,1.0,10,2.9802322387695314e-09,0.0,5.960464477539063e-08,1.3862854890340914e-09,3.98068695180851e-10,2.5715858565747274e-09,1.7881393432617187e-09,0.0,5.960464477539063e-08,2.957837341608672e-11,9.925010043282875e-12,1.8987968084552164e-09,2.9802322387695314e-09,0.0,5.960464477539063e-08,1.5460129174222084,0.15583457867403067,3.4635097940549686
100,0,0,0.2,1.0,11,2.9802322387695314e-09,0.0,5.960464477539063e-08,1.3862854890340914e-09,3.98068695180851e-10,2.5715858565747274e-09,2.384185791015625e-09,0.0,5.960464477539063e-08,4.6175855611825864e-14,3.1401849173675503e-16,1.9815150597037355e-12,2.9802322387695314e-09,0.0,5.960464477539063e-08,1.5460129174222084,0.15583457867403067,3.4635097940549686
100,0,0,0.2,1.0,12,2.9802322387695314e-09,0.0,5.960464477539063e-08,1.3862854890340914e-09,3.98068695180851e-10,2.5715858565747274e-09,5.015262104495225e-09,0.0,8.429369702178807e-08,4.298284536432961e-12,5.170755723222286e-14,2.110120451696077e-10,2.9802322387695314e-09,0.0,5.960464477539063e-08,1.5460129174222084,0.15583457867403067,3.4635097940549686
100,0,0,0.2,1.0,13,2.9802322387695314e-09,0.0,5.960464477539063e-08,1.3862854890340914e-09,3.98068695180851e-10,2.5715858565747274e-09,4.76837158203125e-09,0.0,5.960464477539063e-08,2.7290805410213723e-14,5.571339850314303e-15,1.4045980269510038e-12,2.9802322387695314e-09,0.0,5.960464477539063e-08,1.5460129174222084,0.15583457867403067,3.4635097940549686
100,0,0,0.2,1.0,14,2.9802322387695314e-09,0.0,5.960464477539063e-08,1.3862854890340914e-09,3.98068695180851e-10,2.5715858565747274e-09,4.172325134277344e-09,0.0,5.960464477539063e-08,1.084327893253748e-13,1.244688259020789e-14,3.521775813062382e-12,2.9802322387695314e-09,0.0,5.960464477539063e-08,1.5460129174222084,0.15583457867403067,3.4635097940549686
100,0,0,0.2,1.0,15,2.9802322387695314e-09,0.0,5.960464477539063e-08,1.3862854890340914e-09,3.98068695180851e-10,2.5715858565747274e-09,4.76837158203125e-09,0.0,5.960464477539063e-08,2.6029169469092796e-13,1.1819574270420384e-14,1.3856444471100898e-11,2.9802322387695314e-09,0.0,5.960464477539063e-08,1.5460129174222084,0.15583457867403067,3.4635097940549686
100,0,0,0.2,1.0,16,2.9802322387695314e-09,0.0,5.960464477539063e-08,1.3862854890340914e-09,3.98068695180851e-10,2.5715858565747274e-09,1.1920928955078125e-09,0.0,5.960464477539063e-08,6.152617048533503e-14,1.6539342333872586e-14,3.4269316235699464e-12,2.9802322387695314e-09,0.0,5.960464477539063e-08,1.5460129174222084,0.15583457867403067,3.4635097940549686
100,0,0,0.2,1.0,17,2.9802322387695314e-09,0.0,5.960464477539063e-08,1.3862854890340914e-09,3.98068695180851e-10,2.5715858565747274e-09,5.364418029785156e-09,0.0,5.960464477539063e-08,1.1228574074881103e-13,3.2631859283654006e-14,5.619582732905935e-12,2.9802322387695314e-09,0.0,5.960464477539063e-08,1.5460129174222084,0.15583457867403067,3.4635097940549686
100,0,0,0.2,1.0,18,2.9802322387695314e-09,0.0,5.960464477539063e-08,1.3862854890340914e-09,3.98068695180851e-10,2.5715858565747274e-09,5.611308552249131e-09,0.0,8.429369702178807e-08,2.7857856539035846e-14,0.0,1.432340629243922e-12,2.9802322387695314e-09,0.0,5.960464477539063e-08,1.5460129174222084,0.15583457867403067,3.4635097940549686
100,0,0,0.2,1.0,19,2.9802322387695314e-09,0.0,5.960464477539063e-08,1.3862854890340914e-09,3.98068695180851e-10,2.5715858565747274e-09,1.7881393432617187e-09,0.0,5.960464477539063e-08,6.648335718947673e-12,2.7092330663203554e-12,3.9304545555406736e-10,2.9802322387695314e-09,0.0,5.960464477539063e-08,1.5460129174222084,0.15583457867403067,3.4635097940549686
